id,created,updated,birthdate,first_name,last_name,t_number,activated,deceased
cmdpogdn4350013m4la3iqm4i,2025-03-20,2025-04-10,1985-11-13,Cedric,Borer,9697,NONE,no
cmdpogdn4340013m4jmhyge81,2025-03-20,2025-04-10,2004-02-27,Rasheed,Nicolas ,5749,NONE,no
cmdpogdn4330013m4056fi2mj,2025-03-20,2025-04-10,1962-09-08,Grant,Stillman,2052,NONE,no
cmdpogdn4320013m49eo5zuys,2025-03-20,2025-04-10,1992-12-19,Noemy,Smallberries,6982,NONE,no
cmdpogdn4310013m4pdr0mtxd,2025-03-20,2025-04-10,1975-05-06,Wilfrid,Wilfrid Williamson ,9321,NONE,no
cmdpogdn4300013m4wfqv4zjd,2025-03-20,2025-04-10,2007-07-12,Elinore,Padberg ,7848,NONE,no
cmdpogdn42z0013m45x9lzbrx,2025-03-20,2025-04-10,1966-01-28,Marietta,Vaughn ,5521,NONE,no
cmdpogdn42y0013m4yi9rfjyr,2025-03-20,2025-04-10,1988-10-05,Matt,Johnson ,8603,NONE,no
cmdpogdn42x0013m4r7p8zhia,2025-03-20,2025-04-10,1980-03-16,Arizona,Balistreri ,8392,NONE,no
cmdpogdn42w0013m449g5bvjl,2025-03-20,2025-04-10,2000-06-23,Betsy,McClure ,3511,NONE,no
cmdpogdn42v0013m49bebo0jf,2025-03-20,2025-04-10,1971-11-10,Braulio,Bayer,3393,NONE,no
cmdpogdn42u0013m4trdvb5o4,2025-03-20,2025-04-10,1994-04-30,Verdie,Denesik ,2144,NONE,no
cmdpogdn42t0013m4j8np05x5,2025-03-20,2025-04-10,1961-08-19,Carlo,Leuschke ,7240,NONE,no
cmdpogdn42s0013m4cei0t8t3,2025-03-20,2025-04-10,1998-02-07,Stanton,Bernier ,2173,NONE,no
cmdpogdn42r0013m4901cduz6,2025-03-20,2025-04-10,1983-09-01,Dorcas,Kuphal ,2035,NONE,no
cmdpogdn42q0013m42bzl4ng6,2025-03-20,2025-04-10,1977-05-14,Audie,O'Connell ,7233,NONE,no
cmdpogdn42p0013m4j0v8pw8t,2025-03-20,2025-04-10,2006-11-22,Monica,Auer ,2928,NONE,no
cmdpogdn32o0013m49he85b6q,2025-03-20,2025-04-10,1968-04-29,Dana,Roberts ,8185,NONE,no
cmdpogdn32n0013m4rngmz3zq,2025-03-20,2025-04-10,1990-07-18,Jarrod,Pagac ,5987,NONE,no
cmdpogdn32m0013m4xtll1u03,2025-03-20,2025-04-10,1979-12-03,Ryder,Wilson ,8024,NONE,no
cmdpogdn32l0013m4raut7q0o,2025-03-20,2025-04-10,2002-10-09,Kitty,Leuschke ,5744,NONE,no
cmdpogdn32k0013m4vhzyv835,2025-03-20,2025-04-10,1964-03-27,Marion,Grimes ,7278,NONE,no
cmdpogdn32j0013m42i8xtifv,2025-03-20,2025-04-10,1996-06-15,Gerson,Runolfsson ,2172,NONE,no
cmdpogdn32i0013m4v4iydj1e,2025-03-20,2025-04-10,1987-01-20,Henderson,Durgan,8386,NONE,no
cmdpogdn32h0013m47db9cscl,2025-03-20,2025-04-10,1973-08-04,Jaren,Gleason ,5837,NONE,no
cmdpogdn32g0013m4d0h2w6k0,2025-03-20,2025-04-10,2004-05-11,Francis,Rodriguez ,8954,NONE,no
cmdpogdn32f0013m4sk19ezm2,2025-03-20,2025-04-10,1970-12-29,Frieda,Sanford ,5300,NONE,no
cmdpogdn32e0013m4me43b11r,2025-03-20,2025-04-10,1991-07-06,Kelsi,Kub ,2318,NONE,no
cmdpogdn32d0013m42mrbyawo,2025-03-20,2025-04-10,1982-02-24,Tom,Labadie ,1304,NONE,no
cmdpogdn32c0013m4nco69tk0,2025-03-20,2025-04-10,1965-10-18,Haleigh,Upton ,4219,NONE,no
cmdpogdn32b0013m4gmkh4q38,2025-03-20,2025-04-10,1999-04-03,Roberto,Cummings ,3398,NONE,no
cmdpogdn32a0013m4aed62wqa,2025-03-20,2025-04-10,1976-06-27,Chad,Miller ,4385,NONE,no
cmdpogdn3290013m4i89hwukn,2025-03-20,2025-04-10,2005-01-16,Athena,Brown ,7000,NONE,no
cmdpogdn3280013m499zteiwl,2025-03-20,2025-04-10,1969-11-08,Lina,Wunsche,4280,NONE,no
cmdpogdn3270013m4xe1ojhhy,2025-03-20,2025-04-10,1993-05-25,Rylan,Davis ,2767,NONE,no
cmdpogdn3260013m4gkv7jipk,2025-03-20,2025-04-10,1986-09-12,Santina,Hegmann ,4066,NONE,no
cmdpogdn3250013m4v5ms13hz,2025-03-20,2025-04-10,1960-03-31,Juliana,Tremblay ,9095,NONE,no
cmdpogdn3240013m41vweq2dv,2025-03-20,2025-04-10,2003-08-15,Dino,Stark ,6410,NONE,no
cmdpogdn3230013m4q06buj6z,2025-03-20,2025-04-10,1974-04-19,Adela,Garcia ,9376,NONE,no
cmdpogdn3220013m4v5s5lo55,2025-03-20,2025-04-10,1997-10-07,Dorothea,Collins ,4518,NONE,no
cmdpogdn3210013m4fymcgn2o,2025-03-20,2025-04-10,1981-07-11,Filiberto,Kuhic ,7306,NONE,no
cmdpogdn3200013m4dv8l4su0,2025-03-20,2025-04-10,2007-02-04,Laisha,Martinez ,2153,NONE,no
cmdpogdn31z0013m4qkn0wxsw,2025-03-20,2025-04-10,1972-01-21,Pearlie,Johnson ,3690,NONE,no
cmdpogdn31y0013m4ifzjim92,2025-03-20,2025-04-10,1989-06-30,Rosemary,Connor ,7453,NONE,no
cmdpogdn31x0013m43p2bv337,2025-03-20,2025-04-10,1963-12-14,Devon,Murphy ,8924,NONE,no
cmdpogdn31w0013m42u45eyla,2025-03-20,2025-04-10,2001-09-28,Leone,Schaden ,7185,NONE,no
cmdpogdn31v0013m4tyg063o6,2025-03-20,2025-04-10,1978-05-02,Maryjane ,Thompson ,8337,NONE,no
cmdpogdn31u0013m4qnqviq89,2025-03-20,2025-04-10,1995-11-17,Edison,Parker,2720,NONE,no
cmdpogdn31t0013m4rb0kt682,2025-03-20,2025-04-10,1984-03-09,Randy,Stamm ,1976,NONE,no
